"Division","Scope Description","Specification","Amount","Unit of Measure","Average Depth (FT)","Material Unit Cost","Labor Hours"
"Sanitary Utilities","PVC SDR-26 Gravity Mainline","8\" Gasketed","$1,250.00","LF","7.2","26.50","0.24"
"Sanitary Utilities","Drop Manhole Connection","48\" Type A","2","EA","10.5","2450.00","8.50"
"Sanitary Utilities","Sanitary Lateral Service 4-Inch","4\" Sch 40 PVC","185","LF","3.5","14.00","0.12"
"Storm Utilities","Class IV Reinforced Concrete Pipe","24\" Tongue & Groove","160","LF","6.5","74.00","0.45"
"Storm Utilities","Curb Inlet Structure","Type C Curb Catch Basin","4","EA","4.0","1100.00","4.00"
"Storm Utilities","Headwall & Riprap Apron","24\" Flared Apron w/ Class 1 Riprap","2","EA","","1650.00","5.50"
"Water Utilities","C900 DR18 Polyvinyl Chloride Pipe","8\" DR18 Blue","540","LF","4.5","38.00","0.25"
"Water Utilities","Tapping Sleeve and Gate Valve","8\" x 8\" Stainless","1","EA","","1850.00","4.50"
"Water Utilities","Air Release Valve & Enclosure","2\" Combination ARV","2","EA","","1250.00","3.00"
