"Division","Scope Description","Specification","Amount","Unit of Measure","Average Depth (FT)"
"Sanitary Utilities","PVC SDR-26 Gravity Mainline","8\" Gasketed","$1,250.00","LF","7.2"
"Sanitary Utilities","Drop Manhole Connection","48\" Type A","2","EA","10.5"
"Sanitary Utilities","Sanitary Lateral Service 4-Inch","4\" Sch 40 PVC","185","LF","3.5"
"Storm Utilities","Class IV Reinforced Concrete Pipe","24\" Tongue & Groove","160","LF","6.5"
"Storm Utilities","Curb Inlet Structure","Type C Curb Catch Basin","4","EA","4.0"
"Storm Utilities","Headwall & Riprap Apron","24\" Flared Apron w/ Class 1 Riprap","2","EA",""
"Water Utilities","C900 DR18 Polyvinyl Chloride Pipe","8\" DR18 Blue","540","LF","4.5"
"Water Utilities","Tapping Sleeve and Gate Valve","8\" x 8\" Stainless","1","EA",""
"Water Utilities","Air Release Valve & Enclosure","2\" Combination ARV","2","EA",""
